PULocationID,predict_hour,pred_rides,hour,dow,is_weekend,hour_sin,hour_cos,dow_sin,dow_cos,lag_1,lag_2,lag_3,lag_24,roll_mean_3,roll_mean_6,roll_mean_24,roll_std_3,roll_std_6,roll_std_24,lstm_pred_rides,LocationID,Borough,Zone,rank_overall
138,2025-08-01,0.641353,0,4,0,0.0,1.0,-0.433883739117558,-0.900968867902419,132.0,152.0,160.0,191.0,148.0,131.0,81.83333333333333,14.422205101855956,26.55560204551951,55.142240312365495,0.0,138.0,Queens,LaGuardia Airport,1
132,2025-08-01,0.4627081,0,4,0,0.0,1.0,-0.433883739117558,-0.900968867902419,98.0,96.0,133.0,132.0,109.0,108.66666666666669,63.458333333333336,20.808652046684813,19.73490984693537,36.95353035634216,0.0,132.0,Queens,JFK Airport,2
230,2025-08-01,0.39148605,0,4,0,0.0,1.0,-0.433883739117558,-0.900968867902419,89.0,124.0,105.0,78.0,106.0,87.66666666666667,56.958333333333336,17.52141546793523,28.232369129541127,27.557811433684147,0.0,230.0,Manhattan,Times Sq/Theatre District,3
79,2025-08-01,0.35948318,0,4,0,0.0,1.0,-0.433883739117558,-0.900968867902419,84.0,87.0,88.0,44.0,86.33333333333333,69.16666666666667,42.083333333333336,2.081665999466133,19.14593081222918,20.6963904995568,0.0,79.0,Manhattan,East Village,4
148,2025-08-01,0.32544276,0,4,0,0.0,1.0,-0.433883739117558,-0.900968867902419,76.0,89.0,60.0,63.0,75.0,62.16666666666666,40.708333333333336,14.52583904633395,18.19248929274569,22.869153644282445,0.0,148.0,Manhattan,Lower East Side,5
161,2025-08-01,0.32093617,0,4,0,0.0,1.0,-0.433883739117558,-0.900968867902419,89.0,101.0,153.0,56.0,114.33333333333331,108.0,65.0,34.01960219246153,24.8112877537624,40.46791536406396,0.0,161.0,Manhattan,Midtown Center,6
61,2025-08-01,0.30105668,0,4,0,0.0,1.0,-0.433883739117558,-0.900968867902419,69.0,74.0,74.0,45.0,72.33333333333333,74.33333333333333,57.75,2.8867513459481287,3.011090610836324,24.87403045958471,0.0,61.0,Brooklyn,Crown Heights North,7
249,2025-08-01,0.29304317,0,4,0,0.0,1.0,-0.433883739117558,-0.900968867902419,79.0,101.0,69.0,36.0,83.0,63.0,36.208333333333336,16.3707055437449,25.79922479455536,21.65736980029354,0.0,249.0,Manhattan,West Village,8
234,2025-08-01,0.28078604,0,4,0,0.0,1.0,-0.433883739117558,-0.900968867902419,64.0,114.0,100.0,57.0,92.66666666666669,80.16666666666667,52.5,25.79405616287081,21.535242433431453,27.63740376657188,0.0,234.0,Manhattan,Union Sq,9
231,2025-08-01,0.27292028,0,4,0,0.0,1.0,-0.433883739117558,-0.900968867902419,71.0,96.0,70.0,32.0,79.0,76.0,50.91666666666666,14.730919862656236,11.081516141756056,25.101388609894222,0.0,231.0,Manhattan,TriBeCa/Civic Center,10
181,2025-08-01,0.26863083,0,4,0,0.0,1.0,-0.433883739117558,-0.900968867902419,78.0,50.0,48.0,21.0,58.66666666666666,53.66666666666666,41.375,16.77299416721217,12.816655830077776,23.53685823665032,0.0,181.0,Brooklyn,Park Slope,11
37,2025-08-01,0.26365322,0,4,0,0.0,1.0,-0.433883739117558,-0.900968867902419,79.0,52.0,54.0,30.0,61.66666666666666,61.0,41.16666666666666,15.044378795195676,9.838699100999074,17.868278101676182,0.0,37.0,Brooklyn,Bushwick South,12
164,2025-08-01,0.24830128,0,4,0,0.0,1.0,-0.433883739117558,-0.900968867902419,68.0,76.0,56.0,33.0,66.66666666666667,63.833333333333336,46.708333333333336,10.066445913694334,8.352644291879468,19.687734355632976,0.0,164.0,Manhattan,Midtown South,13
255,2025-08-01,0.23515174,0,4,0,0.0,1.0,-0.433883739117558,-0.900968867902419,60.0,76.0,61.0,32.0,65.66666666666667,59.16666666666666,36.625,8.962886439832502,9.152413160837238,18.509251505783475,0.0,255.0,Brooklyn,Williamsburg (North Side),14
68,2025-08-01,0.22334196,0,4,0,0.0,1.0,-0.433883739117558,-0.900968867902419,56.0,66.0,60.0,41.0,60.66666666666666,62.16666666666666,48.04166666666666,5.033222956847167,7.305249254246337,19.44776541688389,0.0,68.0,Manhattan,East Chelsea,15
246,2025-08-01,0.22228272,0,4,0,0.0,1.0,-0.433883739117558,-0.900968867902419,47.0,61.0,77.0,33.0,61.66666666666666,68.33333333333333,43.125,15.01110699893027,12.816655830077778,23.225384351197928,0.0,246.0,Manhattan,West Chelsea/Hudson Yards,16
256,2025-08-01,0.20267656,0,4,0,0.0,1.0,-0.433883739117558,-0.900968867902419,45.0,54.0,51.0,36.0,50.0,43.66666666666666,32.791666666666664,4.58257569495584,8.6178110136314,12.806177743799946,0.0,256.0,Brooklyn,Williamsburg (South Side),17
76,2025-08-01,0.19374804,0,4,0,0.0,1.0,-0.433883739117558,-0.900968867902419,46.0,46.0,54.0,30.0,48.66666666666666,50.833333333333336,53.125,4.618802153517007,3.920034013457877,26.62184866020684,0.0,76.0,Brooklyn,East New York,18
97,2025-08-01,0.19288608,0,4,0,0.0,1.0,-0.433883739117558,-0.900968867902419,58.0,48.0,36.0,30.0,47.333333333333336,42.333333333333336,28.20833333333333,11.015141094572202,8.914407813571616,13.32529195916928,0.0,97.0,Brooklyn,Fort Greene,19
112,2025-08-01,0.19002059,0,4,0,0.0,1.0,-0.433883739117558,-0.900968867902419,49.0,47.0,46.0,24.0,47.333333333333336,50.333333333333336,39.0,1.5275252316519463,7.201851613763412,18.38004589103416,0.0,112.0,Brooklyn,Greenpoint,20
36,2025-08-01,0.18165618,0,4,0,0.0,1.0,-0.433883739117558,-0.900968867902419,44.0,49.0,40.0,28.0,44.333333333333336,40.5,28.45833333333333,4.509249752822894,5.431390245600108,11.174424084631315,0.0,36.0,Brooklyn,Bushwick North,21
114,2025-08-01,0.18069457,0,4,0,0.0,1.0,-0.433883739117558,-0.900968867902419,43.0,54.0,55.0,25.0,50.66666666666666,43.16666666666666,24.95833333333333,6.658328118479393,10.998484744121194,14.64501448532443,0.0,114.0,Manhattan,Greenwich Village South,22
107,2025-08-01,0.17897521,0,4,0,0.0,1.0,-0.433883739117558,-0.900968867902419,45.0,62.0,41.0,15.0,49.333333333333336,47.0,30.08333333333333,11.150485789118488,7.536577472566709,15.934421768656977,0.0,107.0,Manhattan,Gramercy,23
48,2025-08-01,0.17666839,0,4,0,0.0,1.0,-0.433883739117558,-0.900968867902419,36.0,61.0,54.0,30.0,50.333333333333336,45.16666666666666,34.75,12.897028081435405,10.53407170407847,13.072540087826315,0.0,48.0,Manhattan,Clinton East,24
17,2025-08-01,0.17614873,0,4,0,0.0,1.0,-0.433883739117558,-0.900968867902419,42.0,43.0,41.0,26.0,42.0,43.333333333333336,33.791666666666664,1.0,2.065591117977289,17.46544206903068,0.0,17.0,Brooklyn,Bedford,25
80,2025-08-01,0.17448297,0,4,0,0.0,1.0,-0.433883739117558,-0.900968867902419,52.0,44.0,33.0,20.0,43.0,41.66666666666666,28.291666666666668,9.539392014169456,7.284687135812126,12.801084079998397,0.0,80.0,Brooklyn,East Williamsburg,26
162,2025-08-01,0.17264704,0,4,0,0.0,1.0,-0.433883739117558,-0.900968867902419,32.0,65.0,91.0,32.0,62.66666666666666,61.833333333333336,41.458333333333336,29.56912804486012,21.701766441160192,25.258626019754065,0.0,162.0,Manhattan,Midtown East,27
188,2025-08-01,0.16843344,0,4,0,0.0,1.0,-0.433883739117558,-0.900968867902419,42.0,40.0,35.0,21.0,39.0,41.0,33.958333333333336,3.605551275463989,4.979959839195493,15.905916773509068,0.0,188.0,Brooklyn,Prospect-Lefferts Gardens,28
163,2025-08-01,0.16620006,0,4,0,0.0,1.0,-0.433883739117558,-0.900968867902419,34.0,58.0,57.0,26.0,49.66666666666666,58.66666666666666,39.375,13.576941236277534,17.534727447743997,22.49214838850293,0.0,163.0,Manhattan,Midtown North,29
130,2025-08-01,0.16392043,0,4,0,0.0,1.0,-0.433883739117558,-0.900968867902419,36.0,44.0,32.0,30.0,37.333333333333336,37.833333333333336,35.958333333333336,6.110100926607787,4.020779360604939,18.362246634038968,0.0,130.0,Queens,Jamaica,30
7,2025-08-01,0.16348809,0,4,0,0.0,1.0,-0.433883739117558,-0.900968867902419,39.0,35.0,51.0,29.0,41.66666666666666,44.66666666666666,41.458333333333336,8.32666399786453,14.22204861005146,16.52660349825111,0.0,7.0,Queens,Astoria,31
145,2025-08-01,0.16088027,0,4,0,0.0,1.0,-0.433883739117558,-0.900968867902419,36.0,44.0,45.0,25.0,41.66666666666666,42.16666666666666,36.29166666666666,4.932882862316248,6.794605703546503,17.99391000037094,0.0,145.0,Queens,Long Island City/Hunters Point,32
42,2025-08-01,0.15989617,0,4,0,0.0,1.0,-0.433883739117558,-0.900968867902419,36.0,38.0,31.0,25.0,35.0,38.833333333333336,36.79166666666666,3.605551275463989,6.306081720582652,15.808580957317387,0.0,42.0,Manhattan,Central Harlem North,33
198,2025-08-01,0.15261756,0,4,0,0.0,1.0,-0.433883739117558,-0.900968867902419,46.0,39.0,31.0,18.0,38.66666666666666,35.833333333333336,26.45833333333333,7.505553499465135,5.671566509057851,13.157835049445096,0.0,198.0,Queens,Ridgewood,34
170,2025-08-01,0.1510976,0,4,0,0.0,1.0,-0.433883739117558,-0.900968867902419,36.0,57.0,46.0,14.0,46.333333333333336,51.0,41.0,10.503967504392488,9.338094023943002,20.50238586328324,0.0,170.0,Manhattan,Murray Hill,35
144,2025-08-01,0.14569551,0,4,0,0.0,1.0,-0.433883739117558,-0.900968867902419,32.0,62.0,50.0,19.0,48.0,43.66666666666666,28.875,15.0996688705415,11.21903144958007,15.33768448030508,0.0,144.0,Manhattan,Little Italy/NoLiTa,36
87,2025-08-01,0.14566657,0,4,0,0.0,1.0,-0.433883739117558,-0.900968867902419,40.0,38.0,43.0,13.0,40.333333333333336,40.333333333333336,27.291666666666668,2.516611478423583,5.955389715767279,14.085080502205985,0.0,87.0,Manhattan,Financial District North,37
225,2025-08-01,0.1454784,0,4,0,0.0,1.0,-0.433883739117558,-0.900968867902419,37.0,32.0,29.0,27.0,32.666666666666664,37.16666666666666,30.666666666666668,4.041451884327381,6.047037842337905,14.772673558228078,0.0,225.0,Brooklyn,Stuyvesant Heights,38
186,2025-08-01,0.13986008,0,4,0,0.0,1.0,-0.433883739117558,-0.900968867902419,31.0,46.0,35.0,21.0,37.333333333333336,36.66666666666666,27.416666666666668,7.767453465154029,6.3456021516217564,12.03948816861908,0.0,186.0,Manhattan,Penn Station/Madison Sq West,39
158,2025-08-01,0.12865882,0,4,0,0.0,1.0,-0.433883739117558,-0.900968867902419,24.0,47.0,33.0,28.0,34.666666666666664,31.166666666666668,22.416666666666668,11.590225767142474,8.424171571535487,10.240230409545466,0.0,158.0,Manhattan,Meatpacking/West Village West,40
82,2025-08-01,0.12829983,0,4,0,0.0,1.0,-0.433883739117558,-0.900968867902419,29.0,33.0,42.0,21.0,34.666666666666664,32.0,31.5,6.658328118479393,7.238784428341543,14.658429834651162,0.0,82.0,Queens,Elmhurst,41
100,2025-08-01,0.12821534,0,4,0,0.0,1.0,-0.433883739117558,-0.900968867902419,28.0,41.0,51.0,16.0,40.0,34.833333333333336,25.45833333333333,11.532562594670797,9.745084230865666,13.65722986319817,0.0,100.0,Manhattan,Garment District,42
13,2025-08-01,0.12636577,0,4,0,0.0,1.0,-0.433883739117558,-0.900968867902419,24.0,45.0,57.0,19.0,42.0,39.16666666666666,24.33333333333333,16.703293088490067,11.478966271693052,12.34527428214737,0.0,13.0,Manhattan,Battery Park City,43
89,2025-08-01,0.123961315,0,4,0,0.0,1.0,-0.433883739117558,-0.900968867902419,38.0,22.0,27.0,20.0,29.0,34.0,34.958333333333336,8.18535277187245,7.9498427657407165,17.208388163579,0.0,89.0,Brooklyn,Flatbush/Ditmas Park,44
237,2025-08-01,0.12390379,0,4,0,0.0,1.0,-0.433883739117558,-0.900968867902419,28.0,35.0,34.0,22.0,32.333333333333336,35.833333333333336,33.25,3.7859388972001824,6.6758270399005,18.479718612576328,0.0,237.0,Manhattan,Upper East Side South,45
244,2025-08-01,0.12347362,0,4,0,0.0,1.0,-0.433883739117558,-0.900968867902419,28.0,33.0,30.0,22.0,30.33333333333333,31.83333333333333,31.875,2.516611478423584,3.763863263545405,14.380882539284425,0.0,244.0,Manhattan,Washington Heights South,46
74,2025-08-01,0.12337728,0,4,0,0.0,1.0,-0.433883739117558,-0.900968867902419,27.0,39.0,30.0,21.0,32.0,32.333333333333336,28.58333333333333,6.244997998398398,4.718756898449704,11.820824169996396,0.0,74.0,Manhattan,East Harlem North,47
41,2025-08-01,0.12082205,0,4,0,0.0,1.0,-0.433883739117558,-0.900968867902419,28.0,28.0,25.0,23.0,27.0,28.33333333333333,26.83333333333333,1.7320508075688772,3.9327683210007,11.570827886154667,0.0,41.0,Manhattan,Central Harlem,48
90,2025-08-01,0.120115146,0,4,0,0.0,1.0,-0.433883739117558,-0.900968867902419,31.0,42.0,27.0,18.0,33.333333333333336,34.333333333333336,28.5,7.767453465154029,5.08592829940284,15.890932607321536,0.0,90.0,Manhattan,Flatiron,49
211,2025-08-01,0.11875463,0,4,0,0.0,1.0,-0.433883739117558,-0.900968867902419,31.0,32.0,37.0,19.0,33.333333333333336,34.166666666666664,23.125,3.214550253664318,8.084965470963168,13.099327895138275,0.0,211.0,Manhattan,SoHo,50
229,2025-08-01,0.11541448,0,4,0,0.0,1.0,-0.433883739117558,-0.900968867902419,30.0,23.0,37.0,18.0,30.0,32.5,24.375,7.0,5.319774431308154,11.698429846332592,0.0,229.0,Manhattan,Sutton Place/Turtle Bay North,51
75,2025-08-01,0.10863161,0,4,0,0.0,1.0,-0.433883739117558,-0.900968867902419,29.0,31.0,22.0,10.0,27.33333333333333,29.666666666666668,27.291666666666668,4.725815626252608,6.022181221672648,13.326923278010234,0.0,75.0,Manhattan,East Harlem South,52
95,2025-08-01,0.107504256,0,4,0,0.0,1.0,-0.433883739117558,-0.900968867902419,30.0,28.0,28.0,6.0,28.666666666666668,33.5,33.166666666666664,1.1547005383792517,7.176350047203662,19.105352463475334,0.0,95.0,Queens,Forest Hills,53
25,2025-08-01,0.10667574,0,4,0,0.0,1.0,-0.433883739117558,-0.900968867902419,27.0,25.0,42.0,15.0,31.33333333333333,32.0,24.70833333333333,9.291573243177568,8.342661445845684,12.47424883742388,0.0,25.0,Brooklyn,Boerum Hill,54
39,2025-08-01,0.10646706,0,4,0,0.0,1.0,-0.433883739117558,-0.900968867902419,22.0,28.0,31.0,34.0,27.0,29.33333333333333,33.208333333333336,4.58257569495584,6.623191577077222,14.92875593019018,0.0,39.0,Brooklyn,Canarsie,55
92,2025-08-01,0.10391576,0,4,0,0.0,1.0,-0.433883739117558,-0.900968867902419,23.0,40.0,38.0,14.0,33.666666666666664,41.5,27.041666666666668,9.29157324317757,12.340988615179905,15.779676435396167,0.0,92.0,Queens,Flushing,56
62,2025-08-01,0.10158874,0,4,0,0.0,1.0,-0.433883739117558,-0.900968867902419,28.0,21.0,21.0,13.0,23.33333333333333,21.83333333333333,17.041666666666668,4.041451884327381,3.188521078284832,8.941739771707045,0.0,62.0,Brooklyn,Crown Heights South,57
226,2025-08-01,0.099762574,0,4,0,0.0,1.0,-0.433883739117558,-0.900968867902419,28.0,20.0,27.0,9.0,25.0,28.5,27.45833333333333,4.358898943540674,7.395944834840239,15.119751454900673,0.0,226.0,Queens,Sunnyside,58
137,2025-08-01,0.09874944,0,4,0,0.0,1.0,-0.433883739117558,-0.900968867902419,27.0,25.0,25.0,13.0,25.666666666666668,27.0,22.33333333333333,1.1547005383792517,5.366563145999495,10.09376332053682,0.0,137.0,Manhattan,Kips Bay,59
69,2025-08-01,0.09773832,0,4,0,0.0,1.0,-0.433883739117558,-0.900968867902419,28.0,16.0,20.0,18.0,21.33333333333333,22.83333333333333,22.25,6.110100926607786,5.600595206463923,9.718874509897246,0.0,69.0,Bronx,East Concourse/Concourse Village,60
168,2025-08-01,0.09698044,0,4,0,0.0,1.0,-0.433883739117558,-0.900968867902419,23.0,28.0,31.0,20.0,27.33333333333333,28.166666666666668,28.875,4.041451884327381,4.3089055068157,12.008375700173682,0.0,168.0,Bronx,Mott Haven/Port Morris,61
35,2025-08-01,0.09612278,0,4,0,0.0,1.0,-0.433883739117558,-0.900968867902419,25.0,34.0,33.0,12.0,30.666666666666668,28.83333333333333,25.70833333333333,4.932882862316247,4.622409184253019,13.392013085893906,0.0,35.0,Brooklyn,Brownsville,62
129,2025-08-01,0.09394005,0,4,0,0.0,1.0,-0.433883739117558,-0.900968867902419,23.0,29.0,37.0,20.0,29.666666666666668,28.666666666666668,29.95833333333333,7.023769168568492,6.889605697474034,10.605491467884097,0.0,129.0,Queens,Jackson Heights,63
247,2025-08-01,0.084058076,0,4,0,0.0,1.0,-0.433883739117558,-0.900968867902419,17.0,29.0,22.0,32.0,22.666666666666668,25.666666666666668,23.25,6.027713773341707,5.853773711604051,9.08055734738405,0.0,247.0,Bronx,West Concourse,64
263,2025-08-01,0.080696255,0,4,0,0.0,1.0,-0.433883739117558,-0.900968867902419,22.0,27.0,23.0,10.0,24.0,25.166666666666668,21.125,2.6457513110645907,3.6560452221856714,8.877487404029118,0.0,263.0,Manhattan,Yorkville West,65
236,2025-08-01,0.080231346,0,4,0,0.0,1.0,-0.433883739117558,-0.900968867902419,21.0,29.0,27.0,12.0,25.666666666666668,29.5,27.791666666666668,4.163331998932266,8.573214099741124,15.858008994680333,0.0,236.0,Manhattan,Upper East Side North,66
140,2025-08-01,0.07953381,0,4,0,0.0,1.0,-0.433883739117558,-0.900968867902419,22.0,23.0,26.0,12.0,23.666666666666668,28.666666666666668,26.0,2.081665999466133,6.2182527020592095,13.289420440793268,0.0,140.0,Manhattan,Lenox Hill East,67
260,2025-08-01,0.079088725,0,4,0,0.0,1.0,-0.433883739117558,-0.900968867902419,23.0,17.0,25.0,12.0,21.666666666666668,21.5,20.58333333333333,4.163331998932265,2.8106938645110398,9.28728287436136,0.0,260.0,Queens,Woodside,68
254,2025-08-01,0.077265166,0,4,0,0.0,1.0,-0.433883739117558,-0.900968867902419,21.0,32.0,14.0,8.0,22.33333333333333,20.166666666666668,20.666666666666668,9.073771725877467,6.3377177806105145,10.336371689821576,0.0,254.0,Bronx,Williamsbridge/Olinville,69
261,2025-08-01,0.0754268,0,4,0,0.0,1.0,-0.433883739117558,-0.900968867902419,21.0,20.0,21.0,13.0,20.666666666666668,24.83333333333333,17.375,0.5773502691896258,7.57407860182786,10.420767308809262,0.0,261.0,Manhattan,World Trade Center,70
189,2025-08-01,0.07370627,0,4,0,0.0,1.0,-0.433883739117558,-0.900968867902419,20.0,26.0,26.0,9.0,24.0,24.166666666666668,15.708333333333334,3.4641016151377544,5.269408568963566,8.316976701258419,0.0,189.0,Brooklyn,Prospect Heights,71
216,2025-08-01,0.07331622,0,4,0,0.0,1.0,-0.433883739117558,-0.900968867902419,20.0,22.0,30.0,13.0,24.0,28.83333333333333,28.791666666666668,5.291502622129181,10.12752026246636,10.890678769386737,0.0,216.0,Queens,South Ozone Park,72
228,2025-08-01,0.07270343,0,4,0,0.0,1.0,-0.433883739117558,-0.900968867902419,20.0,20.0,25.0,13.0,21.666666666666668,22.33333333333333,22.45833333333333,2.886751345948129,4.844240566555986,12.978172868878453,0.0,228.0,Brooklyn,Sunset Park West,73
71,2025-08-01,0.07247871,0,4,0,0.0,1.0,-0.433883739117558,-0.900968867902419,22.0,16.0,23.0,8.0,20.33333333333333,21.83333333333333,18.666666666666668,3.7859388972001824,4.167333280008532,8.661090736946656,0.0,71.0,Brooklyn,East Flatbush/Farragut,74
113,2025-08-01,0.07186652,0,4,0,0.0,1.0,-0.433883739117558,-0.900968867902419,18.0,28.0,37.0,16.0,27.666666666666668,30.83333333333333,22.33333333333333,9.50438495292217,9.45339445208263,12.196459452989044,0.0,113.0,Manhattan,Greenwich Village North,75
213,2025-08-01,0.064935535,0,4,0,0.0,1.0,-0.433883739117558,-0.900968867902419,19.0,24.0,24.0,12.0,22.33333333333333,23.83333333333333,22.58333333333333,2.886751345948129,2.6394443859772205,10.757875443505144,0.0,213.0,Bronx,Soundview/Castle Hill,76
141,2025-08-01,0.06335071,0,4,0,0.0,1.0,-0.433883739117558,-0.900968867902419,18.0,21.0,34.0,12.0,24.33333333333333,27.83333333333333,24.58333333333333,8.504900548115382,8.518607084885806,11.64293652883553,0.0,141.0,Manhattan,Lenox Hill West,77
14,2025-08-01,0.06312714,0,4,0,0.0,1.0,-0.433883739117558,-0.900968867902419,17.0,20.0,30.0,8.0,22.33333333333333,24.0,24.916666666666668,6.8068592855540455,8.831760866327848,14.723293188646368,0.0,14.0,Brooklyn,Bay Ridge,78
72,2025-08-01,0.062491596,0,4,0,0.0,1.0,-0.433883739117558,-0.900968867902419,18.0,22.0,23.0,11.0,21.0,19.33333333333333,19.5,2.6457513110645907,2.581988897471611,8.75760539039714,0.0,72.0,Brooklyn,East Flatbush/Remsen Village,79
142,2025-08-01,0.06231685,0,4,0,0.0,1.0,-0.433883739117558,-0.900968867902419,15.0,35.0,34.0,18.0,28.0,29.666666666666668,26.541666666666668,11.269427669584644,9.330952077181978,13.233617161925372,0.0,142.0,Manhattan,Lincoln Square East,80
174,2025-08-01,0.061029617,0,4,0,0.0,1.0,-0.433883739117558,-0.900968867902419,18.0,20.0,18.0,12.0,18.666666666666668,18.0,18.166666666666668,1.1547005383792517,1.2649110640673518,8.640987597877146,0.0,174.0,Bronx,Norwood,81
239,2025-08-01,0.060977925,0,4,0,0.0,1.0,-0.433883739117558,-0.900968867902419,11.0,43.0,26.0,19.0,26.666666666666668,26.83333333333333,23.45833333333333,16.010413278030438,11.940128419186566,13.426058914328303,0.0,239.0,Manhattan,Upper West Side South,82
65,2025-08-01,0.060022548,0,4,0,0.0,1.0,-0.433883739117558,-0.900968867902419,18.0,18.0,25.0,13.0,20.33333333333333,25.166666666666668,20.33333333333333,4.041451884327381,6.306081720582652,10.020269312820352,0.0,65.0,Brooklyn,Downtown Brooklyn/MetroTech,83
43,2025-08-01,0.059280477,0,4,0,0.0,1.0,-0.433883739117558,-0.900968867902419,18.0,19.0,25.0,7.0,20.666666666666668,14.833333333333334,9.791666666666666,3.7859388972001824,7.413950813612582,6.750067095748119,0.0,43.0,Manhattan,Central Park,84
50,2025-08-01,0.057125743,0,4,0,0.0,1.0,-0.433883739117558,-0.900968867902419,16.0,20.0,19.0,12.0,18.33333333333333,21.0,19.75,2.081665999466133,4.33589667773576,10.2331515822032,0.0,50.0,Manhattan,Clinton West,85
49,2025-08-01,0.056605734,0,4,0,0.0,1.0,-0.433883739117558,-0.900968867902419,13.0,41.0,40.0,11.0,31.33333333333333,34.166666666666664,24.5,15.88500340992514,12.54458714612269,13.403438883847812,0.0,49.0,Brooklyn,Clinton Hill,86
116,2025-08-01,0.056128092,0,4,0,0.0,1.0,-0.433883739117558,-0.900968867902419,16.0,21.0,21.0,10.0,19.33333333333333,20.0,20.875,2.886751345948129,3.286335345030997,8.614005279573593,0.0,116.0,Manhattan,Hamilton Heights,87
233,2025-08-01,0.053767983,0,4,0,0.0,1.0,-0.433883739117558,-0.900968867902419,15.0,28.0,25.0,13.0,22.666666666666668,28.0,22.125,6.8068592855540455,7.823042886243178,11.895605692128866,0.0,233.0,Manhattan,UN/Turtle Bay South,88
85,2025-08-01,0.05280497,0,4,0,0.0,1.0,-0.433883739117558,-0.900968867902419,16.0,12.0,14.0,8.0,14.0,16.5,14.041666666666666,2.0,4.183300132670378,7.652673114481073,0.0,85.0,Brooklyn,Erasmus,89
159,2025-08-01,0.052063245,0,4,0,0.0,1.0,-0.433883739117558,-0.900968867902419,16.0,14.0,23.0,12.0,17.666666666666668,22.0,22.166666666666668,4.725815626252608,6.033241251599343,12.175051706583057,0.0,159.0,Bronx,Melrose South,90
232,2025-08-01,0.051073443,0,4,0,0.0,1.0,-0.433883739117558,-0.900968867902419,14.0,25.0,24.0,19.0,21.0,21.666666666666668,19.20833333333333,6.082762530298219,5.391351098441527,9.01679190354774,0.0,232.0,Manhattan,Two Bridges/Seward Park,91
33,2025-08-01,0.050823893,0,4,0,0.0,1.0,-0.433883739117558,-0.900968867902419,13.0,17.0,18.0,28.0,16.0,23.5,20.375,2.6457513110645907,8.384509526501834,9.263356983766505,0.0,33.0,Brooklyn,Brooklyn Heights,92
26,2025-08-01,0.050647926,0,4,0,0.0,1.0,-0.433883739117558,-0.900968867902419,17.0,15.0,11.0,6.0,14.333333333333334,21.166666666666668,23.291666666666668,3.055050463303893,8.256310717667223,17.696669219072707,0.0,26.0,Brooklyn,Borough Park,93
169,2025-08-01,0.049246736,0,4,0,0.0,1.0,-0.433883739117558,-0.900968867902419,15.0,19.0,14.0,17.0,16.0,19.166666666666668,19.541666666666668,2.6457513110645907,6.431692364119001,9.459199187846838,0.0,169.0,Bronx,Mount Hope,94
127,2025-08-01,0.047687054,0,4,0,0.0,1.0,-0.433883739117558,-0.900968867902419,18.0,8.0,12.0,10.0,12.666666666666666,12.166666666666666,13.833333333333334,5.033222956847166,3.3714487489307423,5.255776670083795,0.0,127.0,Manhattan,Inwood,95
177,2025-08-01,0.047437772,0,4,0,0.0,1.0,-0.433883739117558,-0.900968867902419,15.0,22.0,17.0,15.0,18.0,20.166666666666668,18.875,3.605551275463989,5.913261931173578,9.696761001130405,0.0,177.0,Brooklyn,Ocean Hill,96
66,2025-08-01,0.04668073,0,4,0,0.0,1.0,-0.433883739117558,-0.900968867902419,14.0,27.0,22.0,14.0,21.0,23.33333333333333,17.958333333333332,6.557438524302,6.186005711819758,9.742239572298454,0.0,66.0,Brooklyn,DUMBO/Vinegar Hill,97
18,2025-08-01,0.045028344,0,4,0,0.0,1.0,-0.433883739117558,-0.900968867902419,15.0,30.0,8.0,12.0,17.666666666666668,19.666666666666668,20.75,11.239810200058244,7.554248252914824,10.46006899968929,0.0,18.0,Bronx,Bedford Park,98
78,2025-08-01,0.043936294,0,4,0,0.0,1.0,-0.433883739117558,-0.900968867902419,14.0,21.0,21.0,14.0,18.666666666666668,19.666666666666668,18.70833333333333,4.041451884327381,3.829708431025352,9.378417251590353,0.0,78.0,Bronx,East Tremont,99
91,2025-08-01,0.04201328,0,4,0,0.0,1.0,-0.433883739117558,-0.900968867902419,14.0,19.0,23.0,12.0,18.666666666666668,20.5,22.541666666666668,4.509249752822894,4.929503017546495,12.100949178246008,0.0,91.0,Brooklyn,Flatlands,100
77,2025-08-01,0.041612025,0,4,0,0.0,1.0,-0.433883739117558,-0.900968867902419,16.0,6.0,13.0,6.0,11.666666666666666,12.0,13.166666666666666,5.131601439446884,3.40587727318528,6.932385665446835,0.0,77.0,Brooklyn,East New York/Pennsylvania Avenue,101
88,2025-08-01,0.04050729,0,4,0,0.0,1.0,-0.433883739117558,-0.900968867902419,13.0,15.0,16.0,11.0,14.666666666666666,15.5,11.375,1.5275252316519468,3.391164991562634,6.546240208666744,0.0,88.0,Manhattan,Financial District South,102
208,2025-08-01,0.040410165,0,4,0,0.0,1.0,-0.433883739117558,-0.900968867902419,14.0,13.0,13.0,8.0,13.333333333333334,14.333333333333334,13.208333333333334,0.5773502691896257,1.7511900715418265,5.27487207070644,0.0,208.0,Bronx,Schuylerville/Edgewater Park,103
125,2025-08-01,0.040257465,0,4,0,0.0,1.0,-0.433883739117558,-0.900968867902419,11.0,20.0,14.0,12.0,15.0,20.666666666666668,16.25,4.58257569495584,7.580677190506576,7.930403794752578,0.0,125.0,Manhattan,Hudson Sq,104
223,2025-08-01,0.039904933,0,4,0,0.0,1.0,-0.433883739117558,-0.900968867902419,14.0,18.0,19.0,8.0,17.0,19.33333333333333,19.541666666666668,2.6457513110645907,3.32665998663324,10.12091749865064,0.0,223.0,Queens,Steinway,105
205,2025-08-01,0.039417166,0,4,0,0.0,1.0,-0.433883739117558,-0.900968867902419,11.0,23.0,22.0,10.0,18.666666666666668,17.333333333333332,18.5,6.6583281184793925,5.955389715767278,7.779571911772188,0.0,205.0,Queens,Saint Albans,106
146,2025-08-01,0.03933788,0,4,0,0.0,1.0,-0.433883739117558,-0.900968867902419,14.0,21.0,8.0,10.0,14.333333333333334,13.333333333333334,11.041666666666666,6.506407098647712,5.278888771954441,6.188904283625984,0.0,146.0,Queens,Long Island City/Queens Plaza,107
243,2025-08-01,0.03888554,0,4,0,0.0,1.0,-0.433883739117558,-0.900968867902419,11.0,25.0,9.0,9.0,15.0,20.0,20.791666666666668,8.717797887081348,7.874007874011811,11.013743061824352,0.0,243.0,Manhattan,Washington Heights North,108
259,2025-08-01,0.038852032,0,4,0,0.0,1.0,-0.433883739117558,-0.900968867902419,15.0,13.0,18.0,8.0,15.333333333333334,14.333333333333334,15.416666666666666,2.516611478423583,3.559026084010437,7.162199484046459,0.0,259.0,Bronx,Woodlawn/Wakefield,109
173,2025-08-01,0.038558543,0,4,0,0.0,1.0,-0.433883739117558,-0.900968867902419,14.0,12.0,15.0,4.0,13.666666666666666,12.166666666666666,9.708333333333334,1.5275252316519468,3.188521078284832,5.145527113461003,0.0,173.0,Queens,North Corona,110
45,2025-08-01,0.038238253,0,4,0,0.0,1.0,-0.433883739117558,-0.900968867902419,13.0,24.0,19.0,10.0,18.666666666666668,15.5,10.041666666666666,5.507570547286102,5.167204273105526,6.010709042068648,0.0,45.0,Manhattan,Chinatown,111
179,2025-08-01,0.037049886,0,4,0,0.0,1.0,-0.433883739117558,-0.900968867902419,15.0,12.0,10.0,5.0,12.333333333333334,15.0,14.291666666666666,2.516611478423584,6.06630035524124,7.006079140827359,0.0,179.0,Queens,Old Astoria,112
209,2025-08-01,0.037001386,0,4,0,0.0,1.0,-0.433883739117558,-0.900968867902419,13.0,18.0,13.0,10.0,14.666666666666666,15.5,8.916666666666666,2.8867513459481287,2.5099800796022267,5.020970516497406,0.0,209.0,Manhattan,Seaport,113
63,2025-08-01,0.035858493,0,4,0,0.0,1.0,-0.433883739117558,-0.900968867902419,14.0,17.0,13.0,6.0,14.666666666666666,14.5,14.208333333333334,2.0816659994661326,3.5071355833500366,8.198510822713166,0.0,63.0,Brooklyn,Cypress Hills,114
47,2025-08-01,0.035231166,0,4,0,0.0,1.0,-0.433883739117558,-0.900968867902419,11.0,21.0,7.0,8.0,13.0,14.5,15.166666666666666,7.211102550927978,4.969909455915671,8.106179428530819,0.0,47.0,Bronx,Claremont/Bathgate,115
167,2025-08-01,0.035082836,0,4,0,0.0,1.0,-0.433883739117558,-0.900968867902419,10.0,20.0,15.0,9.0,15.0,15.666666666666666,17.375,5.0,4.926120853842978,8.499680300893164,0.0,167.0,Bronx,Morrisania/Melrose,116
60,2025-08-01,0.034979045,0,4,0,0.0,1.0,-0.433883739117558,-0.900968867902419,13.0,11.0,10.0,9.0,11.333333333333334,13.0,10.958333333333334,1.5275252316519468,3.03315017762062,6.01793816104361,0.0,60.0,Bronx,Crotona Park East,117
143,2025-08-01,0.034782235,0,4,0,0.0,1.0,-0.433883739117558,-0.900968867902419,10.0,15.0,16.0,4.0,13.666666666666666,20.0,19.541666666666668,3.214550253664318,11.224972160321824,13.177646311797892,0.0,143.0,Manhattan,Lincoln Square West,118
241,2025-08-01,0.03451772,0,4,0,0.0,1.0,-0.433883739117558,-0.900968867902419,13.0,20.0,14.0,3.0,15.666666666666666,14.333333333333334,15.75,3.7859388972001824,2.875181153713044,9.4971391573417,0.0,241.0,Bronx,Van Cortlandt Village,119
166,2025-08-01,0.03439451,0,4,0,0.0,1.0,-0.433883739117558,-0.900968867902419,6.0,18.0,20.0,17.0,14.666666666666666,18.0,16.708333333333332,7.571877794400365,6.841052550594828,8.635010468847241,0.0,166.0,Manhattan,Morningside Heights,120
136,2025-08-01,0.03426944,0,4,0,0.0,1.0,-0.433883739117558,-0.900968867902419,15.0,13.0,8.0,6.0,12.0,12.833333333333334,12.958333333333334,3.605551275463989,2.562550812504343,7.315731510671498,0.0,136.0,Bronx,Kingsbridge Heights,121
235,2025-08-01,0.03415412,0,4,0,0.0,1.0,-0.433883739117558,-0.900968867902419,12.0,20.0,13.0,6.0,15.0,14.833333333333334,15.916666666666666,4.358898943540674,3.3714487489307423,7.795855457795545,0.0,235.0,Bronx,University Heights/Morris Heights,122
238,2025-08-01,0.034030255,0,4,0,0.0,1.0,-0.433883739117558,-0.900968867902419,12.0,13.0,22.0,7.0,15.666666666666666,18.166666666666668,18.416666666666668,5.507570547286102,4.956477243634502,10.997694092959616,0.0,238.0,Manhattan,Upper West Side North,123
106,2025-08-01,0.03369818,0,4,0,0.0,1.0,-0.433883739117558,-0.900968867902419,10.0,20.0,19.0,6.0,16.333333333333332,13.666666666666666,9.75,5.507570547286102,4.676180777800049,6.661048357232614,0.0,106.0,Brooklyn,Gowanus,124
242,2025-08-01,0.03357291,0,4,0,0.0,1.0,-0.433883739117558,-0.900968867902419,14.0,8.0,8.0,8.0,10.0,14.166666666666666,18.83333333333333,3.4641016151377544,5.076087732365021,11.506771793228944,0.0,242.0,Bronx,Van Nest/Morris Park,125
224,2025-08-01,0.032578792,0,4,0,0.0,1.0,-0.433883739117558,-0.900968867902419,8.0,21.0,6.0,6.0,11.666666666666666,10.333333333333334,8.583333333333334,8.144527815247077,5.465040408511785,4.781455724000768,0.0,224.0,Manhattan,Stuy Town/Peter Cooper Village,126
81,2025-08-01,0.03231571,0,4,0,0.0,1.0,-0.433883739117558,-0.900968867902419,12.0,9.0,11.0,8.0,10.666666666666666,11.833333333333334,13.041666666666666,1.5275252316519468,3.188521078284832,7.061710389359535,0.0,81.0,Bronx,Eastchester,127
215,2025-08-01,0.031835724,0,4,0,0.0,1.0,-0.433883739117558,-0.900968867902419,12.0,11.0,13.0,3.0,12.0,11.333333333333334,13.666666666666666,1.0,3.011090610836324,7.25718035235908,0.0,215.0,Queens,South Jamaica,128
86,2025-08-01,0.03143485,0,4,0,0.0,1.0,-0.433883739117558,-0.900968867902419,12.0,11.0,14.0,6.0,12.333333333333334,12.166666666666666,11.791666666666666,1.5275252316519468,1.940790217067952,5.808383496342136,0.0,86.0,Queens,Far Rockaway,129
51,2025-08-01,0.03136427,0,4,0,0.0,1.0,-0.433883739117558,-0.900968867902419,10.0,9.0,25.0,6.0,14.666666666666666,17.166666666666668,15.875,8.962886439832502,6.6758270399005,8.378608891487998,0.0,51.0,Bronx,Co-Op City,130
210,2025-08-01,0.031212255,0,4,0,0.0,1.0,-0.433883739117558,-0.900968867902419,9.0,17.0,17.0,3.0,14.333333333333334,15.5,15.791666666666666,4.618802153517006,6.50384501660364,9.80673755380837,0.0,210.0,Brooklyn,Sheepshead Bay,131
212,2025-08-01,0.030952226,0,4,0,0.0,1.0,-0.433883739117558,-0.900968867902419,12.0,13.0,8.0,9.0,11.0,12.833333333333334,11.083333333333334,2.6457513110645907,3.8686776379877754,6.071434660817796,0.0,212.0,Bronx,Soundview/Bruckner,132
197,2025-08-01,0.030903427,0,4,0,0.0,1.0,-0.433883739117558,-0.900968867902419,14.0,6.0,10.0,5.0,10.0,15.0,20.416666666666668,4.0,6.899275324264136,12.437379378193038,0.0,197.0,Queens,Richmond Hill,133
119,2025-08-01,0.03050005,0,4,0,0.0,1.0,-0.433883739117558,-0.900968867902419,9.0,16.0,15.0,5.0,13.333333333333334,13.833333333333334,12.791666666666666,3.7859388972001824,4.708148963941844,6.567238627338418,0.0,119.0,Bronx,Highbridge,134
10,2025-08-01,0.030209035,0,4,0,0.0,1.0,-0.433883739117558,-0.900968867902419,10.0,13.0,16.0,3.0,13.0,14.0,13.666666666666666,3.0,3.63318042491699,7.446427019874623,0.0,10.0,Queens,Baisley Park,135
151,2025-08-01,0.030170828,0,4,0,0.0,1.0,-0.433883739117558,-0.900968867902419,11.0,10.0,8.0,2.0,9.666666666666666,13.0,12.041666666666666,1.5275252316519468,5.656854249492381,7.043215462980741,0.0,151.0,Manhattan,Manhattan Valley,136
22,2025-08-01,0.030082446,0,4,0,0.0,1.0,-0.433883739117558,-0.900968867902419,9.0,9.0,12.0,3.0,10.0,12.666666666666666,16.041666666666668,1.7320508075688772,4.457203906785808,11.007820013484748,0.0,22.0,Brooklyn,Bensonhurst West,137
220,2025-08-01,0.030072212,0,4,0,0.0,1.0,-0.433883739117558,-0.900968867902419,12.0,8.0,11.0,11.0,10.333333333333334,14.333333333333334,16.166666666666668,2.081665999466133,5.00666222813829,9.65791707972483,0.0,220.0,Bronx,Spuyten Duyvil/Kingsbridge,138
4,2025-08-01,0.029285185,0,4,0,0.0,1.0,-0.433883739117558,-0.900968867902419,11.0,14.0,17.0,5.0,14.0,14.333333333333334,10.041666666666666,3.0,2.804757862395017,4.938571934640943,0.0,4.0,Manhattan,Alphabet City,139
185,2025-08-01,0.029232789,0,4,0,0.0,1.0,-0.433883739117558,-0.900968867902419,9.0,9.0,8.0,5.0,8.666666666666666,12.5,14.166666666666666,0.5773502691896257,5.468089245796926,8.646017764751921,0.0,185.0,Bronx,Pelham Parkway,140
126,2025-08-01,0.02895232,0,4,0,0.0,1.0,-0.433883739117558,-0.900968867902419,11.0,11.0,15.0,8.0,12.333333333333334,14.166666666666666,14.5,2.309401076758504,2.5625508125043424,7.150554858373488,0.0,126.0,Bronx,Hunts Point,141
40,2025-08-01,0.028769596,0,4,0,0.0,1.0,-0.433883739117558,-0.900968867902419,10.0,13.0,13.0,5.0,12.0,10.166666666666666,10.958333333333334,1.7320508075688772,2.6394443859772205,6.583769018788069,0.0,40.0,Brooklyn,Carroll Gardens,142
191,2025-08-01,0.028050499,0,4,0,0.0,1.0,-0.433883739117558,-0.900968867902419,11.0,15.0,9.0,5.0,11.666666666666666,13.833333333333334,15.25,3.055050463303893,4.215052391924289,8.331449062333688,0.0,191.0,Queens,Queens Village,143
3,2025-08-01,0.028046213,0,4,0,0.0,1.0,-0.433883739117558,-0.900968867902419,10.0,10.0,7.0,3.0,9.0,10.5,9.541666666666666,1.7320508075688772,2.949576240750525,4.539480593412755,0.0,3.0,Bronx,Allerton/Pelham Gardens,144
196,2025-08-01,0.027330728,0,4,0,0.0,1.0,-0.433883739117558,-0.900968867902419,8.0,12.0,8.0,4.0,9.333333333333334,12.833333333333334,12.291666666666666,2.309401076758504,4.875106836436168,7.578454394828325,0.0,196.0,Queens,Rego Park,145
218,2025-08-01,0.027180238,0,4,0,0.0,1.0,-0.433883739117558,-0.900968867902419,8.0,10.0,7.0,7.0,8.333333333333334,9.0,9.666666666666666,1.5275252316519468,3.40587727318528,3.9194794093833054,0.0,218.0,Queens,Springfield Gardens North,146
56,2025-08-01,0.026847225,0,4,0,0.0,1.0,-0.433883739117558,-0.900968867902419,8.0,12.0,15.0,5.0,11.666666666666666,11.833333333333334,12.833333333333334,3.511884584284246,2.786873995477131,6.390663479650993,0.0,56.0,Queens,Corona,147
102,2025-08-01,0.026829455,0,4,0,0.0,1.0,-0.433883739117558,-0.900968867902419,12.0,4.0,11.0,6.0,9.0,10.333333333333334,11.583333333333334,4.358898943540674,3.3862466931200785,6.52697857169474,0.0,102.0,Queens,Glendale,148
121,2025-08-01,0.026807372,0,4,0,0.0,1.0,-0.433883739117558,-0.900968867902419,9.0,14.0,6.0,7.0,9.666666666666666,10.333333333333334,11.0,4.041451884327381,2.7325202042558927,5.64146142028125,0.0,121.0,Queens,Hillcrest/Pomonok,149
227,2025-08-01,0.026633974,0,4,0,0.0,1.0,-0.433883739117558,-0.900968867902419,5.0,7.0,9.0,10.0,7.0,11.5,11.666666666666666,2.0,7.148426400264607,7.184927863646029,0.0,227.0,Brooklyn,Sunset Park East,150
28,2025-08-01,0.026407918,0,4,0,0.0,1.0,-0.433883739117558,-0.900968867902419,8.0,8.0,9.0,6.0,8.333333333333334,8.5,11.833333333333334,0.5773502691896257,2.664582518894845,7.038198056609232,0.0,28.0,Queens,Briarwood/Jamaica Hills,151
94,2025-08-01,0.026265144,0,4,0,0.0,1.0,-0.433883739117558,-0.900968867902419,8.0,8.0,5.0,8.0,7.0,8.833333333333334,8.666666666666666,1.7320508075688772,3.311595788538611,4.429806813597756,0.0,94.0,Bronx,Fordham South,152
155,2025-08-01,0.026257174,0,4,0,0.0,1.0,-0.433883739117558,-0.900968867902419,7.0,9.0,7.0,3.0,7.666666666666667,8.833333333333334,13.208333333333334,1.1547005383792517,4.215052391924288,9.908183559526709,0.0,155.0,Brooklyn,Marine Park/Mill Basin,153
32,2025-08-01,0.026010219,0,4,0,0.0,1.0,-0.433883739117558,-0.900968867902419,10.0,7.0,8.0,3.0,8.333333333333334,8.5,10.75,1.5275252316519468,3.6193922141707713,6.542503177384552,0.0,32.0,Bronx,Bronxdale,154
152,2025-08-01,0.025973868,0,4,0,0.0,1.0,-0.433883739117558,-0.900968867902419,8.0,14.0,6.0,5.0,9.333333333333334,8.666666666666666,8.208333333333334,4.163331998932265,2.804757862395017,4.242427183322903,0.0,152.0,Manhattan,Manhattanville,155
165,2025-08-01,0.025816686,0,4,0,0.0,1.0,-0.433883739117558,-0.900968867902419,8.0,9.0,11.0,6.0,9.333333333333334,10.666666666666666,14.083333333333334,1.5275252316519468,1.8618986725025253,9.426681220905888,0.0,165.0,Brooklyn,Midwood,156
20,2025-08-01,0.025800135,0,4,0,0.0,1.0,-0.433883739117558,-0.900968867902419,6.0,11.0,12.0,9.0,9.666666666666666,11.833333333333334,11.625,3.214550253664318,4.262237284181474,6.3507103334296735,0.0,20.0,Bronx,Belmont,157
195,2025-08-01,0.025696915,0,4,0,0.0,1.0,-0.433883739117558,-0.900968867902419,6.0,13.0,24.0,8.0,14.333333333333334,11.833333333333334,8.25,9.073771725877467,6.431692364119002,4.711226185815434,0.0,195.0,Brooklyn,Red Hook,158
55,2025-08-01,0.02541214,0,4,0,0.0,1.0,-0.433883739117558,-0.900968867902419,5.0,9.0,8.0,12.0,7.333333333333333,10.833333333333334,13.291666666666666,2.0816659994661326,6.6758270399005,7.686686212376321,0.0,55.0,Brooklyn,Coney Island,159
180,2025-08-01,0.02529556,0,4,0,0.0,1.0,-0.433883739117558,-0.900968867902419,12.0,11.0,6.0,3.0,9.666666666666666,8.5,7.416666666666667,3.214550253664318,3.146426544510455,4.451835641587653,0.0,180.0,Queens,Ozone Park,160
248,2025-08-01,0.025187597,0,4,0,0.0,1.0,-0.433883739117558,-0.900968867902419,7.0,13.0,6.0,10.0,8.666666666666666,10.5,11.958333333333334,3.7859388972001824,4.277849927241488,5.988969328957063,0.0,248.0,Bronx,West Farms/Bronx River,161
262,2025-08-01,0.024771323,0,4,0,0.0,1.0,-0.433883739117558,-0.900968867902419,6.0,8.0,7.0,5.0,7.0,12.333333333333334,13.083333333333334,1.0,6.531972647421808,8.118238546719926,0.0,262.0,Manhattan,Yorkville East,162
70,2025-08-01,0.023970217,0,4,0,0.0,1.0,-0.433883739117558,-0.900968867902419,6.0,9.0,7.0,5.0,7.333333333333333,10.166666666666666,10.375,1.5275252316519463,4.355073669487885,5.499505906660279,0.0,70.0,Queens,East Elmhurst,163
182,2025-08-01,0.023766486,0,4,0,0.0,1.0,-0.433883739117558,-0.900968867902419,9.0,8.0,12.0,4.0,9.666666666666666,9.666666666666666,11.75,2.0816659994661326,2.422120283277993,6.815902122179458,0.0,182.0,Bronx,Parkchester,164
139,2025-08-01,0.023316838,0,4,0,0.0,1.0,-0.433883739117558,-0.900968867902419,10.0,6.0,7.0,3.0,7.666666666666667,9.0,9.916666666666666,2.0816659994661326,3.22490309931942,5.012303702470263,0.0,139.0,Queens,Laurelton,165
16,2025-08-01,0.023302978,0,4,0,0.0,1.0,-0.433883739117558,-0.900968867902419,6.0,5.0,6.0,7.0,5.666666666666667,8.5,9.291666666666666,0.5773502691896258,3.449637662132068,4.982396548079934,0.0,16.0,Queens,Bayside,166
203,2025-08-01,0.023071457,0,4,0,0.0,1.0,-0.433883739117558,-0.900968867902419,6.0,7.0,9.0,5.0,7.333333333333333,7.666666666666667,9.583333333333334,1.5275252316519463,3.5023801430836525,5.003621876606782,0.0,203.0,Queens,Rosedale,167
24,2025-08-01,0.02279574,0,4,0,0.0,1.0,-0.433883739117558,-0.900968867902419,7.0,6.0,8.0,4.0,7.0,6.0,5.958333333333333,1.0,1.6733200530681511,2.4223446540879365,0.0,24.0,Manhattan,Bloomingdale,168
52,2025-08-01,0.022775581,0,4,0,0.0,1.0,-0.433883739117558,-0.900968867902419,7.0,13.0,6.0,4.0,8.666666666666666,7.5,6.916666666666667,3.7859388972001824,2.7386127875258306,4.490731195102493,0.0,52.0,Brooklyn,Cobble Hill,169
157,2025-08-01,0.02213284,0,4,0,0.0,1.0,-0.433883739117558,-0.900968867902419,11.0,5.0,9.0,3.0,8.333333333333334,9.333333333333334,10.708333333333334,3.055050463303893,2.581988897471611,6.139530973918948,0.0,157.0,Queens,Maspeth,170
123,2025-08-01,0.021607967,0,4,0,0.0,1.0,-0.433883739117558,-0.900968867902419,6.0,7.0,16.0,4.0,9.666666666666666,10.166666666666666,12.416666666666666,5.507570547286102,3.8686776379877754,9.141004923666369,0.0,123.0,Brooklyn,Homecrest,171
122,2025-08-01,0.021383408,0,4,0,0.0,1.0,-0.433883739117558,-0.900968867902419,7.0,9.0,4.0,4.0,6.666666666666667,6.166666666666667,5.958333333333333,2.516611478423583,1.940790217067952,2.758058022952203,0.0,122.0,Queens,Hollis,172
108,2025-08-01,0.021377811,0,4,0,0.0,1.0,-0.433883739117558,-0.900968867902419,7.0,5.0,4.0,3.0,5.333333333333333,5.666666666666667,6.833333333333333,1.5275252316519463,1.505545305418162,4.05040702910822,0.0,108.0,Brooklyn,Gravesend,173
171,2025-08-01,0.021102784,0,4,0,0.0,1.0,-0.433883739117558,-0.900968867902419,7.0,4.0,12.0,2.0,7.666666666666667,7.333333333333333,9.166666666666666,4.041451884327381,3.0767948691238205,5.2474976783280205,0.0,171.0,Queens,Murray Hill-Queens,174
156,2025-08-01,0.020900317,0,4,0,0.0,1.0,-0.433883739117558,-0.900968867902419,8.0,4.0,1.0,7.0,4.333333333333333,6.666666666666667,6.833333333333333,3.511884584284246,4.633213427705081,3.806934938134405,0.0,156.0,Staten Island,Mariners Harbor,175
258,2025-08-01,0.020841422,0,4,0,0.0,1.0,-0.433883739117558,-0.900968867902419,5.0,10.0,10.0,5.0,8.333333333333334,10.5,13.666666666666666,2.8867513459481287,3.5071355833500366,7.166750926366822,0.0,258.0,Queens,Woodhaven,176
192,2025-08-01,0.02073097,0,4,0,0.0,1.0,-0.433883739117558,-0.900968867902419,5.0,7.0,6.0,5.0,6.0,5.666666666666667,6.625,1.0,1.0327955589886444,2.261444324935418,0.0,192.0,Queens,Queensboro Hill,177
29,2025-08-01,0.02072709,0,4,0,0.0,1.0,-0.433883739117558,-0.900968867902419,5.0,5.0,9.0,7.0,6.333333333333333,7.5,9.666666666666666,2.309401076758503,2.8106938645110398,6.1620625193804734,0.0,29.0,Brooklyn,Brighton Beach,178
21,2025-08-01,0.020590352,0,4,0,0.0,1.0,-0.433883739117558,-0.900968867902419,5.0,12.0,5.0,5.0,7.333333333333333,10.833333333333334,10.875,4.041451884327381,5.776388721914988,6.045569703797836,0.0,21.0,Brooklyn,Bensonhurst East,179
117,2025-08-01,0.020525105,0,4,0,0.0,1.0,-0.433883739117558,-0.900968867902419,6.0,9.0,3.0,6.0,6.0,7.166666666666667,8.583333333333334,3.0,4.4907311951024935,5.216334434019374,0.0,117.0,Queens,Hammels/Arverne,180
183,2025-08-01,0.02051332,0,4,0,0.0,1.0,-0.433883739117558,-0.900968867902419,6.0,6.0,4.0,5.0,5.333333333333333,7.166666666666667,6.583333333333333,1.1547005383792517,2.228601953392904,3.3220824619593614,0.0,183.0,Bronx,Pelham Bay,181
53,2025-08-01,0.020301541,0,4,0,0.0,1.0,-0.433883739117558,-0.900968867902419,5.0,5.0,4.0,2.0,4.666666666666667,6.5,6.791666666666667,0.5773502691896258,2.588435821108957,4.149166146365427,0.0,53.0,Queens,College Point,182
250,2025-08-01,0.020251583,0,4,0,0.0,1.0,-0.433883739117558,-0.900968867902419,6.0,9.0,10.0,5.0,8.333333333333334,8.333333333333334,11.208333333333334,2.081665999466133,1.8618986725025253,7.095492547579317,0.0,250.0,Bronx,Westchester Village/Unionport,183
124,2025-08-01,0.020201107,0,4,0,0.0,1.0,-0.433883739117558,-0.900968867902419,5.0,6.0,7.0,3.0,6.0,6.166666666666667,6.708333333333333,1.0,1.4719601443879746,3.4196257952749955,0.0,124.0,Queens,Howard Beach,184
206,2025-08-01,0.019916484,0,4,0,0.0,1.0,-0.433883739117558,-0.900968867902419,4.0,7.0,5.0,2.0,5.333333333333333,8.5,10.166666666666666,1.5275252316519463,3.6193922141707713,6.913544781750919,0.0,206.0,Staten Island,Saint George/New Brighton,185
214,2025-08-01,0.018922197,0,4,0,0.0,1.0,-0.433883739117558,-0.900968867902419,5.0,7.0,3.0,6.0,5.0,4.833333333333333,5.0,2.0,1.4719601443879746,2.7026556987687047,0.0,214.0,Staten Island,South Beach/Dongan Hills,186
147,2025-08-01,0.01882945,0,4,0,0.0,1.0,-0.433883739117558,-0.900968867902419,5.0,8.0,3.0,5.0,5.333333333333333,7.333333333333333,9.041666666666666,2.516611478423583,3.5023801430836525,4.6576647131057145,0.0,147.0,Bronx,Longwood,187
83,2025-08-01,0.018801102,0,4,0,0.0,1.0,-0.433883739117558,-0.900968867902419,4.0,10.0,9.0,5.0,7.666666666666667,8.833333333333334,10.333333333333334,3.214550253664318,3.311595788538612,5.723078121815724,0.0,83.0,Queens,Elmhurst/Maspeth,188
257,2025-08-01,0.018791445,0,4,0,0.0,1.0,-0.433883739117558,-0.900968867902419,4.0,4.0,6.0,7.0,4.666666666666667,4.833333333333333,6.833333333333333,1.1547005383792517,0.983192080250175,3.8748539009391294,0.0,257.0,Brooklyn,Windsor Terrace,189
67,2025-08-01,0.018645974,0,4,0,0.0,1.0,-0.433883739117558,-0.900968867902419,5.0,3.0,6.0,2.0,4.666666666666667,7.5,7.416666666666667,1.5275252316519463,4.54972526643093,4.577037837108062,0.0,67.0,Brooklyn,Dyker Heights,190
202,2025-08-01,0.01846717,0,4,0,0.0,1.0,-0.433883739117558,-0.900968867902419,3.0,5.0,4.0,5.0,4.0,3.5,3.458333333333333,1.0,1.0488088481701516,2.466808652396093,0.0,202.0,Manhattan,Roosevelt Island,191
23,2025-08-01,0.018315773,0,4,0,0.0,1.0,-0.433883739117558,-0.900968867902419,4.0,6.0,6.0,3.0,5.333333333333333,7.166666666666667,6.625,1.1547005383792517,2.401388487243717,3.5363024167354093,0.0,23.0,Staten Island,Bloomfield/Emerson Hill,192
175,2025-08-01,0.018232223,0,4,0,0.0,1.0,-0.433883739117558,-0.900968867902419,4.0,4.0,3.0,7.0,3.6666666666666665,4.166666666666667,4.75,0.5773502691896258,1.4719601443879746,2.3265948246871155,0.0,175.0,Queens,Oakland Gardens,193
134,2025-08-01,0.01811996,0,4,0,0.0,1.0,-0.433883739117558,-0.900968867902419,4.0,6.0,10.0,2.0,6.666666666666667,11.166666666666666,12.083333333333334,3.055050463303893,5.52871293039046,7.689160448696405,0.0,134.0,Queens,Kew Gardens,194
73,2025-08-01,0.017955482,0,4,0,0.0,1.0,-0.433883739117558,-0.900968867902419,3.0,4.0,5.0,5.0,4.0,3.8333333333333335,5.916666666666667,1.0,0.983192080250175,3.525271086297344,0.0,73.0,Queens,East Flushing,195
219,2025-08-01,0.017940292,0,4,0,0.0,1.0,-0.433883739117558,-0.900968867902419,3.0,9.0,6.0,8.0,6.0,6.666666666666667,9.041666666666666,3.0,2.250925735484551,4.122885931698463,0.0,219.0,Queens,Springfield Gardens South,196
193,2025-08-01,0.017907625,0,4,0,0.0,1.0,-0.433883739117558,-0.900968867902419,4.0,6.0,2.0,4.0,4.0,5.5,7.041666666666667,2.0,2.16794833886788,4.563362286989587,0.0,193.0,Queens,Queensbridge/Ravenswood,197
201,2025-08-01,0.017675895,0,4,0,0.0,1.0,-0.433883739117558,-0.900968867902419,10.0,5.0,2.0,1.0,5.666666666666667,4.166666666666667,3.458333333333333,4.041451884327381,3.125166662222459,2.2453655975512463,0.0,201.0,Queens,Rockaway Park,198
135,2025-08-01,0.017508117,0,4,0,0.0,1.0,-0.433883739117558,-0.900968867902419,3.0,6.0,1.0,3.0,3.333333333333333,4.833333333333333,8.083333333333334,2.516611478423584,2.786873995477131,5.709767882791937,0.0,135.0,Queens,Kew Gardens Hills,199
252,2025-08-01,0.017335193,0,4,0,0.0,1.0,-0.433883739117558,-0.900968867902419,3.0,6.0,5.0,1.0,4.666666666666667,6.0,6.0,1.5275252316519463,1.7888543819998317,3.310063706204222,0.0,252.0,Queens,Whitestone,200
221,2025-08-01,0.017311545,0,4,0,0.0,1.0,-0.433883739117558,-0.900968867902419,4.0,5.0,10.0,8.0,6.333333333333333,5.666666666666667,7.5,3.214550253664318,2.422120283277993,3.90094748802747,0.0,221.0,Staten Island,Stapleton,201
6,2025-08-01,0.017010644,0,4,0,0.0,1.0,-0.433883739117558,-0.900968867902419,6.0,2.0,1.0,1.0,3.0,3.8333333333333335,3.458333333333333,2.6457513110645907,3.544949458972112,2.718362145414622,0.0,6.0,Staten Island,Arrochar/Fort Wadsworth,202
131,2025-08-01,0.016768351,0,4,0,0.0,1.0,-0.433883739117558,-0.900968867902419,4.0,7.0,2.0,4.0,4.333333333333333,5.833333333333333,7.916666666666667,2.516611478423583,2.48327740429189,5.331747952771591,0.0,131.0,Queens,Jamaica Estates,203
149,2025-08-01,0.016094016,0,4,0,0.0,1.0,-0.433883739117558,-0.900968867902419,2.0,12.0,12.0,7.0,8.666666666666666,8.833333333333334,10.583333333333334,5.773502691896257,3.710345895825168,5.830330490048433,0.0,149.0,Brooklyn,Madison,204
160,2025-08-01,0.01575886,0,4,0,0.0,1.0,-0.433883739117558,-0.900968867902419,2.0,9.0,12.0,5.0,7.666666666666667,8.166666666666666,10.25,5.131601439446884,3.65604522218567,5.666453533928776,0.0,160.0,Queens,Middle Village,205
133,2025-08-01,0.015649814,0,4,0,0.0,1.0,-0.433883739117558,-0.900968867902419,1.0,2.0,4.0,1.0,2.333333333333333,5.666666666666667,7.833333333333333,1.5275252316519463,4.4121045620731465,6.133774401279942,0.0,133.0,Brooklyn,Kensington,206
217,2025-08-01,0.015599205,0,4,0,0.0,1.0,-0.433883739117558,-0.900968867902419,2.0,5.0,2.0,4.0,3.0,4.0,5.583333333333333,1.7320508075688772,2.280350850198276,3.775397090162278,0.0,217.0,Brooklyn,South Williamsburg,207
64,2025-08-01,0.015533034,0,4,0,0.0,1.0,-0.433883739117558,-0.900968867902419,2.0,4.0,3.0,3.0,3.0,4.0,3.75,1.0,2.0976176963403037,2.0483291175768223,0.0,64.0,Queens,Douglaston,208
98,2025-08-01,0.015433805,0,4,0,0.0,1.0,-0.433883739117558,-0.900968867902419,2.0,5.0,6.0,3.0,4.333333333333333,4.833333333333333,4.333333333333333,2.0816659994661326,2.9944392908634274,2.615450192633178,0.0,98.0,Queens,Fresh Meadows,209
222,2025-08-01,0.015055635,0,4,0,0.0,1.0,-0.433883739117558,-0.900968867902419,3.0,2.0,4.0,5.0,3.0,4.5,5.791666666666667,1.0,2.428991560298224,3.035717330408898,0.0,222.0,Brooklyn,Starrett City,210
93,2025-08-01,0.014842666,0,4,0,0.0,1.0,-0.433883739117558,-0.900968867902419,1.0,5.0,3.0,1.0,3.0,2.833333333333333,3.0,2.0,1.834847859269718,2.085144140570748,0.0,93.0,Queens,Flushing Meadows-Corona Park,211
19,2025-08-01,0.014425296,0,4,0,0.0,1.0,-0.433883739117558,-0.900968867902419,2.0,4.0,4.0,5.0,3.333333333333333,3.1666666666666665,4.5,1.1547005383792517,1.834847859269718,2.8284271247461903,0.0,19.0,Queens,Bellerose,212
118,2025-08-01,0.014333022,0,4,0,0.0,1.0,-0.433883739117558,-0.900968867902419,4.0,1.0,5.0,2.0,3.333333333333333,4.833333333333333,5.0,2.081665999466133,2.48327740429189,3.078678429060953,0.0,118.0,Staten Island,Heartland Village/Todt Hill,213
9,2025-08-01,0.01432679,0,4,0,0.0,1.0,-0.433883739117558,-0.900968867902419,5.0,1.0,6.0,5.0,4.0,4.0,4.541666666666667,2.6457513110645907,1.7888543819998317,3.035717330408898,0.0,9.0,Queens,Auburndale,214
200,2025-08-01,0.014259752,0,4,0,0.0,1.0,-0.433883739117558,-0.900968867902419,2.0,1.0,3.0,7.0,2.0,5.333333333333333,8.75,1.0,3.777124126457412,5.869967780076006,0.0,200.0,Bronx,Riverdale/North Riverdale/Fieldston,215
172,2025-08-01,0.013882856,0,4,0,0.0,1.0,-0.433883739117558,-0.900968867902419,3.0,1.0,3.0,8.0,2.333333333333333,3.0,3.458333333333333,1.1547005383792517,1.6733200530681511,1.955575455542138,0.0,172.0,Staten Island,New Dorp/Midland Beach,216
101,2025-08-01,0.013698588,0,4,0,0.0,1.0,-0.433883739117558,-0.900968867902419,2.0,4.0,2.0,2.0,2.6666666666666665,3.333333333333333,4.375,1.1547005383792517,1.5055453054181622,2.533471582802848,0.0,101.0,Queens,Glen Oaks,217
251,2025-08-01,0.013517211,0,4,0,0.0,1.0,-0.433883739117558,-0.900968867902419,2.0,3.0,2.0,3.0,2.333333333333333,3.5,3.583333333333333,0.5773502691896258,2.7386127875258306,2.124733572385768,0.0,251.0,Staten Island,Westerleigh,218
44,2025-08-01,0.013501171,0,4,0,0.0,1.0,-0.433883739117558,-0.900968867902419,1.0,4.0,3.0,2.0,2.6666666666666665,3.1666666666666665,2.458333333333333,1.5275252316519463,1.4719601443879744,1.4135729219948654,0.0,44.0,Staten Island,Charleston/Tottenville,219
153,2025-08-01,0.013429394,0,4,0,0.0,1.0,-0.433883739117558,-0.900968867902419,4.0,1.0,6.0,3.0,3.6666666666666665,3.333333333333333,4.333333333333333,2.516611478423584,1.7511900715418265,2.3343683004870592,0.0,153.0,Manhattan,Marble Hill,220
150,2025-08-01,0.01333835,0,4,0,0.0,1.0,-0.433883739117558,-0.900968867902419,1.0,5.0,2.0,9.0,2.6666666666666665,4.166666666666667,5.125,2.081665999466133,3.0605010483034745,3.3662325735353518,0.0,150.0,Brooklyn,Manhattan Beach,221
38,2025-08-01,0.013164297,0,4,0,0.0,1.0,-0.433883739117558,-0.900968867902419,1.0,5.0,5.0,1.0,3.6666666666666665,3.8333333333333335,5.583333333333333,2.309401076758504,1.602081978759722,3.463055532790141,0.0,38.0,Queens,Cambria Heights,222
11,2025-08-01,0.012661061,0,4,0,0.0,1.0,-0.433883739117558,-0.900968867902419,4.0,1.0,5.0,1.0,3.333333333333333,3.6666666666666665,5.208333333333333,2.081665999466133,1.505545305418162,3.5750240700517355,0.0,11.0,Brooklyn,Bath Beach,223
245,2025-08-01,0.01254866,0,4,0,0.0,1.0,-0.433883739117558,-0.900968867902419,4.0,2.0,2.0,2.0,2.6666666666666665,3.6666666666666665,3.6666666666666665,1.1547005383792517,1.8618986725025253,1.8336626845141692,0.0,245.0,Staten Island,West Brighton,224
178,2025-08-01,0.012207206,0,4,0,0.0,1.0,-0.433883739117558,-0.900968867902419,2.0,1.0,6.0,4.0,3.0,3.1666666666666665,4.333333333333333,2.6457513110645907,2.136976056643281,2.884240035036984,0.0,178.0,Brooklyn,Ocean Parkway South,225
54,2025-08-01,0.012002591,0,4,0,0.0,1.0,-0.433883739117558,-0.900968867902419,1.0,3.0,3.0,3.0,2.333333333333333,2.833333333333333,2.875,1.1547005383792517,1.8348478592697184,1.541103500742244,0.0,54.0,Brooklyn,Columbia Street,226
240,2025-08-01,0.011913315,0,4,0,0.0,1.0,-0.433883739117558,-0.900968867902419,1.0,5.0,1.0,9.0,2.333333333333333,3.5,4.166666666666667,2.309401076758504,3.5637059362410923,2.4612945810066607,0.0,240.0,Bronx,Van Cortlandt Park,227
204,2025-08-01,0.011807136,0,4,0,0.0,1.0,-0.433883739117558,-0.900968867902419,1.0,3.0,1.0,6.0,1.6666666666666667,1.6666666666666667,1.7916666666666667,1.1547005383792517,1.0327955589886446,1.350657381543832,0.0,204.0,Staten Island,Rossville/Woodrow,228
96,2025-08-01,0.011722819,0,4,0,0.0,1.0,-0.433883739117558,-0.900968867902419,3.0,2.0,3.0,1.0,2.6666666666666665,2.1666666666666665,1.7083333333333333,0.5773502691896258,0.752772652709081,0.750603621828092,0.0,96.0,Queens,Forest Park/Highland Park,229
128,2025-08-01,0.011555919,0,4,0,0.0,1.0,-0.433883739117558,-0.900968867902419,3.0,1.0,3.0,1.0,2.333333333333333,1.8333333333333333,1.9583333333333333,1.1547005383792517,0.983192080250175,0.954584665735822,0.0,128.0,Manhattan,Inwood Hill Park,230
109,2025-08-01,0.011402276,0,4,0,0.0,1.0,-0.433883739117558,-0.900968867902419,2.0,1.0,3.0,6.0,2.0,2.833333333333333,4.041666666666667,1.0,1.4719601443879746,2.544886888520258,0.0,109.0,Staten Island,Great Kills,231
176,2025-08-01,0.011313435,0,4,0,0.0,1.0,-0.433883739117558,-0.900968867902419,1.0,3.0,1.0,3.0,1.6666666666666667,2.0,2.375,1.1547005383792517,1.095445115010332,1.2445533509971602,0.0,176.0,Staten Island,Oakwood,232
184,2025-08-01,0.011079214,0,4,0,0.0,1.0,-0.433883739117558,-0.900968867902419,1.0,1.0,2.0,1.0,1.3333333333333333,1.6666666666666667,1.8333333333333333,0.5773502691896257,1.2110601416389966,1.403928236326068,0.0,184.0,Bronx,Pelham Bay Park,233
115,2025-08-01,0.0109711,0,4,0,0.0,1.0,-0.433883739117558,-0.900968867902419,1.0,2.0,3.0,6.0,2.0,3.8333333333333335,4.708333333333333,1.0,3.816630276391291,3.617339481930917,0.0,115.0,Staten Island,Grymes Hill/Clifton,234
58,2025-08-01,0.010939015,0,4,0,0.0,1.0,-0.433883739117558,-0.900968867902419,1.0,1.0,2.0,3.0,1.3333333333333333,1.8333333333333333,2.375,0.5773502691896257,1.1690451944500122,1.6891598117304405,0.0,58.0,Bronx,Country Club,235
15,2025-08-01,0.010669977,0,4,0,0.0,1.0,-0.433883739117558,-0.900968867902419,1.0,2.0,4.0,1.0,2.333333333333333,3.0,3.2916666666666665,1.5275252316519463,1.8973665961010275,2.2356628560221465,0.0,15.0,Queens,Bay Terrace/Fort Totten,236
30,2025-08-01,0.010466051,0,4,0,0.0,1.0,-0.433883739117558,-0.900968867902419,2.0,3.0,2.0,1.0,2.333333333333333,2.0,1.5,0.5773502691896258,0.8944271909999159,0.8340576562282991,0.0,30.0,Queens,Broad Channel,237
190,2025-08-01,0.010423847,0,4,0,0.0,1.0,-0.433883739117558,-0.900968867902419,1.0,1.0,2.0,4.0,1.3333333333333333,2.833333333333333,2.708333333333333,0.5773502691896257,2.3166067138525404,1.944427191089776,0.0,190.0,Brooklyn,Prospect Park,238
84,2025-08-01,0.010373602,0,4,0,0.0,1.0,-0.433883739117558,-0.900968867902419,2.0,2.0,1.0,2.0,1.6666666666666667,2.0,2.4166666666666665,0.5773502691896257,0.8944271909999159,1.3805061033726995,0.0,84.0,Staten Island,Eltingville/Annadale/Prince's Bay,239
34,2025-08-01,0.010328218,0,4,0,0.0,1.0,-0.433883739117558,-0.900968867902419,1.0,1.0,2.0,7.0,1.3333333333333333,5.0,4.041666666666667,0.5773502691896257,4.289522117905444,2.851074041200228,0.0,34.0,Brooklyn,Brooklyn Navy Yard,240
31,2025-08-01,0.010314413,0,4,0,0.0,1.0,-0.433883739117558,-0.900968867902419,2.0,1.0,1.0,1.0,1.3333333333333333,2.5,2.7916666666666665,0.5773502691896257,2.073644135332772,2.340181462058513,0.0,31.0,Bronx,Bronx Park,241
187,2025-08-01,0.010211742,0,4,0,0.0,1.0,-0.433883739117558,-0.900968867902419,1.0,2.0,1.0,4.0,1.3333333333333333,2.6666666666666665,3.583333333333333,0.5773502691896257,2.250925735484551,2.2050666295102537,0.0,187.0,Staten Island,Port Richmond,242
5,2025-08-01,0.009946167,0,4,0,0.0,1.0,-0.433883739117558,-0.900968867902419,1.0,2.0,1.0,2.0,1.3333333333333333,1.5,1.5416666666666667,0.5773502691896257,0.5477225575051661,0.8836272412331317,0.0,5.0,Staten Island,Arden Heights,243
46,2025-08-01,0.009925841,0,4,0,0.0,1.0,-0.433883739117558,-0.900968867902419,1.0,3.0,1.0,1.0,1.6666666666666667,1.6666666666666667,1.3333333333333333,1.1547005383792517,0.816496580927726,0.5646597025732799,0.0,46.0,Bronx,City Island,244
12,2025-08-01,0.009919057,0,4,0,0.0,1.0,-0.433883739117558,-0.900968867902419,1.0,2.0,1.0,1.0,1.3333333333333333,1.8333333333333333,2.0,0.5773502691896257,1.1690451944500122,1.2510864843424483,0.0,12.0,Manhattan,Battery Park,245
207,2025-08-01,0.009816163,0,4,0,0.0,1.0,-0.433883739117558,-0.900968867902419,1.0,2.0,1.0,1.0,1.3333333333333333,1.6666666666666667,1.875,0.5773502691896257,0.816496580927726,1.034723235417589,0.0,207.0,Queens,Saint Michaels Cemetery/Woodside,246
120,2025-08-01,0.0089007085,0,4,0,0.0,1.0,-0.433883739117558,-0.900968867902419,1.0,1.0,2.0,1.0,1.3333333333333333,1.3333333333333333,1.25,0.5773502691896257,0.5163977794943223,0.4423258684646914,0.0,120.0,Manhattan,Highbridge Park,247
57,2025-08-01,0.00881678,0,4,0,0.0,1.0,-0.433883739117558,-0.900968867902419,1.0,1.0,1.0,3.0,1.0,1.1666666666666667,1.4583333333333333,0.0,0.408248290463863,0.6580053301400783,0.0,,,,248
154,2025-08-01,0.008751309,0,4,0,0.0,1.0,-0.433883739117558,-0.900968867902419,1.0,1.0,1.0,1.0,1.0,1.6666666666666667,1.3333333333333333,0.0,1.2110601416389966,0.701964118163034,0.0,154.0,Brooklyn,Marine Park/Floyd Bennett Field,249
194,2025-08-01,0.008679016,0,4,0,0.0,1.0,-0.433883739117558,-0.900968867902419,1.0,1.0,1.0,1.0,1.0,1.6666666666666667,1.2916666666666667,0.0,0.816496580927726,0.5500329370901873,0.0,194.0,Manhattan,Randalls Island,250
99,2025-08-01,0.008445104,0,4,0,0.0,1.0,-0.433883739117558,-0.900968867902419,1.0,1.0,1.0,2.0,1.0,1.1666666666666667,1.1666666666666667,0.0,0.408248290463863,0.3806934938134405,0.0,99.0,Staten Island,Freshkills Park,251
27,2025-08-01,0.008397999,0,4,0,0.0,1.0,-0.433883739117558,-0.900968867902419,2.0,1.0,1.0,1.0,1.3333333333333333,1.1666666666666667,1.4583333333333333,0.5773502691896257,0.408248290463863,0.7790276362049131,0.0,27.0,Queens,Breezy Point/Fort Tilden/Riis Beach,252
111,2025-08-01,0.008331533,0,4,0,0.0,1.0,-0.433883739117558,-0.900968867902419,1.0,1.0,1.0,1.0,1.0,1.3333333333333333,1.2083333333333333,0.0,0.816496580927726,0.5089773777040516,0.0,111.0,Brooklyn,Green-Wood Cemetery,253
253,2025-08-01,0.007942332,0,4,0,0.0,1.0,-0.433883739117558,-0.900968867902419,1.0,1.0,1.0,1.0,1.0,1.1666666666666667,1.2083333333333333,0.0,0.408248290463863,0.5089773777040515,0.0,253.0,Queens,Willets Point,254
59,2025-08-01,0.007942332,0,4,0,0.0,1.0,-0.433883739117558,-0.900968867902419,1.0,1.0,1.0,1.0,1.0,1.1666666666666667,1.4583333333333333,0.0,0.408248290463863,0.721060008759246,0.0,59.0,Bronx,Crotona Park,255
8,2025-08-01,0.007942332,0,4,0,0.0,1.0,-0.433883739117558,-0.900968867902419,1.0,1.0,1.0,1.0,1.0,1.0,1.125,0.0,0.0,0.4484272031464406,0.0,8.0,Queens,Astoria Park,256
265,2025-08-01,0.007942332,0,4,0,0.0,1.0,-0.433883739117558,-0.900968867902419,1.0,1.0,1.0,1.0,1.0,1.0,1.0833333333333333,0.0,0.0,0.2823298512866399,0.0,,,,257
